bsn	type	x	y
04A06	Abend-Gymnasium	52.484621	13.319289
04P10	Grundschule	52.49619	13.32118
02E23	Künstlerische Schule	52.504001	13.434597
02E33	Sonstige Ergänzungsschule	52.501575	13.386455
04P11	Gymnasium	52.4859	13.2928
06G01	Grundschule	52.435951	13.25558
06G02	Grundschule	52.4189	13.25839
06G06	Grundschule	52.443206	13.276002
06G07	Grundschule	52.44543	13.246529
06G09	Grundschule	52.4205	13.18369
06G10	Grundschule	52.42192	13.242834
02P12	Grundschule	52.52102	13.43206
06K09	Integrierte Sekundarschule	52.459454	13.284371
06Y01	Gymnasium	52.43149	13.25463
06Y02	Gymnasium	52.42846	13.25673
06Y03	Gymnasium	52.45916	13.28001
04S07	Übrige Förderschwerpunkte	52.48869	13.3181
04S07	Förderschwerp."Lernen"	52.48869	13.3181
04S07	Berufsschule mit sonderpäd. Aufgaben	52.48869	13.3181
04S07	Grundschule	52.48869	13.3181
10P12	Integrierte Sekundarschule	52.50187	13.608948
04B06	Fachoberschule	52.483751	13.33299
04B06	Berufsschule	52.483751	13.33299
04B06	Berufsfachschule	52.483751	13.33299
04B07	Berufsfachschule	52.51087	13.31882
04B07	Berufsschule	52.51087	13.31882
04B07	Fachoberschule	52.51087	13.31882
04A02	Schulpraktisches Seminar	52.51291	13.26918
04A03	Schulpraktisches Seminar	52.51291	13.26918
06G03	Grundschule	52.43162	13.21262
06Y04	Gymnasium	52.42057	13.18778
06Y05	Gymnasium	52.43194	13.21159
06K01	Integrierte Sekundarschule	52.42589	13.26273
06K02	Integrierte Sekundarschule	52.45479	13.26097
06S01	Förderschwerp."Geistige Entwicklung"	52.44346	13.24838
06S01	Förderschwerp."Lernen"	52.44346	13.24838
06S01	Grundschule	52.44346	13.24838
06S01	Integrierte Sekundarschule	52.44346	13.24838
02P08	Übrige Förderschwerpunkte	52.503608	13.402409
06S02	Berufsschule mit sonderpäd. Aufgaben	52.454097	13.27055
06S02	Übrige Förderschwerpunkte	52.454097	13.27055
02Y03	Gymnasium	52.51695	13.46306
06B01	Fachschule	52.441813	13.248755
06B01	Berufsschule	52.441813	13.248755
06B01	Fachoberschule	52.441813	13.248755
06B01	Berufsfachschule	52.441813	13.248755
06B01	Berufsoberschule	52.441813	13.248755
06A05	Volkshochschule	52.42925	13.31652
06P04	Freie Waldorfschule	52.455969	13.274132
06P05	Freie Waldorfschule	52.41847	13.25739
06P06	Integrierte Sekundarschule	52.46039	13.30234
06P06	Gymnasium	52.46039	13.30234
06P06	Grundschule	52.46039	13.30234
06P07	Förderschwerp."Geistige Entwicklung"	52.447407	13.233809
01P22	Gymnasium	52.527698	13.406604
01P22	Grundschule	52.527698	13.406604
03E11	Künstlerische Schule	52.571947	13.403828
07G15	Grundschule	52.46839	13.3329
07G17	Grundschule	52.46934	13.32242
04P36	Fachschule	52.522426	13.322877
04P36	Berufsfachschule	52.522426	13.322877
02E26	Sonstige Ergänzungsschule	52.503842	13.452616
04E43	Sprachenschule	52.503325	13.303533
07G18	Grundschule	52.49235	13.34978
12P07	Grundschule	52.606341	13.34153
12P07	Gymnasium	52.606341	13.34153
07K09	Integrierte Sekundarschule	52.485997	13.350718
07K10	Integrierte Sekundarschule	52.47618	13.33314
01P34	Fachschule	52.51318	13.38276
07K06	Integrierte Sekundarschule	52.494144	13.342529
07Y01	Gymnasium	52.48483	13.36487
07Y02	Gymnasium	52.48047	13.33924
07Y03	Gymnasium	52.470206	13.322611
07S04	Förderschwerp."Geistige Entwicklung"	52.46433	13.41815
07B03	Berufliches Gymnasium	52.484694	13.380112
07B03	Berufsschule	52.484694	13.380112
07B03	Berufsfachschule	52.484694	13.380112
07B03	Fachoberschule	52.484694	13.380112
07B03	Berufsoberschule	52.484694	13.380112
03P21	Grundschule	52.568413	13.413458
06G14	Grundschule	52.46151	13.3354
06G15	Grundschule	52.46486	13.31818
06G16	Grundschule	52.45398	13.31302
06G17	Grundschule	52.45185	13.34956
06G20	Grundschule	52.437023	13.351096
06G21	Grundschule	52.431002	13.341243
08G19	Grundschule	52.455159	13.43894
06G22	Grundschule	52.422226	13.31101
06G23	Grundschule	52.44167	13.313098
06G24	Grundschule	52.42546	13.32527
06G25	Grundschule	52.433511	13.29316
06G26	Grundschule	52.438186	13.310138
06G27	Grundschule	52.42303	13.34815
07A04	Schulpraktisches Seminar	52.398	13.40412
07P05	Grundschule	52.454789	13.381812
06Y13	Gymnasium	52.45671	13.32644
06K03	Integrierte Sekundarschule	52.4643	13.32069
06K04	Integrierte Sekundarschule	52.428237	13.345888
06S03	Förderschwerp."Geistige Entwicklung"	52.43515	13.35522
06S05	Berufsfachschule	52.455569	13.315047
06S05	Übrige Förderschwerpunkte	52.455569	13.315047
06S05	Berufsschule mit sonderpäd. Aufgaben	52.455569	13.315047
06B02	Berufliches Gymnasium	52.41127	13.30571
06B02	Berufsschule	52.41127	13.30571
06B02	Berufsfachschule	52.41127	13.30571
06B02	Fachoberschule	52.41127	13.30571
06B02	Berufsoberschule	52.41127	13.30571
06A02	Schulpraktisches Seminar	52.42476	13.34742
06P10	Grundschule	52.459234	13.313625
06P12	Integrierte Sekundarschule	52.45077	13.33156
07G19	Grundschule	52.46137	13.3926
07G24	Grundschule	52.478603	13.37647
07G29	Grundschule	52.3862	13.40487
07E21	Wirtschafts- u. Verwaltungsschule	52.503292	13.342343
07K11	Integrierte Sekundarschule	52.478603	13.37647
07K07	Integrierte Sekundarschule	52.44692	13.36411
07K04	Integrierte Sekundarschule	52.398399	13.403988
07K05	Integrierte Sekundarschule	52.41397	13.36527
07Y05	Gymnasium	52.46546	13.39059
09G11	Grundschule	52.40638	13.5294
01E20	Sonstige Ergänzungsschule	52.512484	13.382199
09E05	Wirtschafts- u. Verwaltungsschule	52.37251	13.69508
03G45	Grundschule	52.53921	13.41918
12P06	Grundschule	52.620403	13.302948
02G24	Grundschule	52.499923	13.401623
02A03	Schulpraktisches Seminar	52.49445	13.43236
03G16	Grundschule	52.533635	13.408651
07G13	Grundschule	52.49282	13.36249
02G12	Grundschule	52.504384	13.388493
02G13	Grundschule	52.49041	13.38183
02G14	Grundschule	52.501885	13.391531
08K06	Integrierte Sekundarschule	52.44865	13.44389
08K01	Integrierte Sekundarschule	52.42934	13.46355
08K02	Integrierte Sekundarschule	52.421823	13.472974
08K03	Integrierte Sekundarschule	52.45809	13.449
08K05	Integrierte Sekundarschule	52.41759	13.48999
08S01	Förderschwerp."Lernen"	52.475733	13.450826
08S03	Förderschwerp."Lernen"	52.455159	13.43894
08S04	Förderschwerp."Lernen"	52.422	13.48315
08S04	Integrierte Sekundarschule	52.422	13.48315
08S05	Förderschwerp."Lernen"	52.42254	13.44504
03P04	Fachschule	52.55308	13.4569
03P04	Berufsfachschule	52.55308	13.4569
01P39	Berufsfachschule	52.510466	13.402102
01P39	Fachoberschule	52.510466	13.402102
11P02	Berufsschule	52.489849	13.538648
11P02	Fachoberschule	52.489849	13.538648
11P02	Berufsfachschule	52.489849	13.538648
11P02	Fachschule	52.489849	13.538648
04E20	Sprachenschule	52.48845	13.317915
09P09	Gymnasium	52.45181	13.57142
09P09	Integrierte Sekundarschule	52.45181	13.57142
08S06	Förderschwerp."Lernen"	52.483564	13.451851
08S07	Förderschwerp."Geistige Entwicklung"	52.42178	13.42537
08S08	Übrige Förderschwerpunkte	52.442637	13.444198
08S09	Übrige Förderschwerpunkte	52.42741	13.43451
08S09	Integrierte Sekundarschule	52.42741	13.43451
08B02	Berufliches Gymnasium	52.43049	13.47466
08B02	Berufsoberschule	52.43049	13.47466
08B02	Berufsschule	52.43049	13.47466
08B02	Berufsfachschule	52.43049	13.47466
08B02	Fachoberschule	52.43049	13.47466
08B02	Fachschule	52.43049	13.47466
06B04	Fachschule	52.4533	13.34514
06B04	Berufsschule	52.4533	13.34514
06B04	Fachoberschule	52.4533	13.34514
06B04	Berufsfachschule	52.4533	13.34514
08B04	Berufliches Gymnasium	52.457865	13.449696
08B04	Fachoberschule	52.457865	13.449696
08B04	Berufsoberschule	52.457865	13.449696
08B04	Berufsschule	52.457865	13.449696
08B04	Berufsfachschule	52.457865	13.449696
08B04	Fachschule	52.457865	13.449696
08B05	Berufsschule	52.47265	13.42434
08B05	Berufsfachschule	52.47265	13.42434
08P02	Grundschule	52.42389	13.4618
05P15	Grundschule	52.55	13.15247
08P03	Integrierte Sekundarschule	52.48338	13.42761
01P33	Berufsschule	52.50202	13.36934
08P04	Gymnasium	52.47794	13.4428
08P04	Integrierte Sekundarschule	52.47794	13.4428
09G01	Grundschule	52.49327	13.45252
09G04	Grundschule	52.46163	13.48872
09G06	Grundschule	52.44696	13.51031
09G09	Grundschule	52.438648	13.543713
09G10	Grundschule	52.41866	13.538044
09G13	Grundschule	52.41079	13.55406
09K07	Integrierte Sekundarschule	52.48171	13.47804
09K06	Integrierte Sekundarschule	52.444484	13.499022
09K03	Integrierte Sekundarschule	52.40141	13.5647
03B09	Fachoberschule	52.55795	13.45139
03B09	Berufsschule	52.55795	13.45139
03B09	Berufsfachschule	52.55795	13.45139
03B09	Berufsoberschule	52.55795	13.45139
03B09	Berufliches Gymnasium	52.55795	13.45139
09A01	Schulpraktisches Seminar	52.44107	13.57814
09Y10	Gymnasium	52.44833	13.50379
01P16	Integrierte Sekundarschule	52.52706	13.39025
09Y03	Gymnasium	52.4514	13.52271
09Y04	Gymnasium	52.399327	13.525296
09K02	Integrierte Sekundarschule	52.435416	13.548246
04P25	Berufsfachschule	52.496603	13.329761
04P25	Fachschule	52.496603	13.329761
09A05	Volkshochschul-Kolleg	52.46818	13.48463
09A02	Schulpraktisches Seminar	52.44107	13.57814
09P01	Freie Waldorfschule	52.452771	13.533906
09G16	Grundschule	52.42845	13.5953
09G17	Grundschule	52.467512	13.579352
09G21	Grundschule	52.46607	13.50886
09G24	Grundschule	52.45072	13.62746
09G27	Grundschule	52.454606	13.621399
04G27	Grundschule	52.475327	13.295056
04K07	Integrierte Sekundarschule	52.482808	13.296098
04Y08	Gymnasium	52.485116	13.275931
04Y09	Gymnasium	52.49143	13.28135
04Y10	Gymnasium	52.480119	13.324748
04Y11	Gymnasium	52.48759	13.3225
07G03	Grundschule	52.495036	13.348236
07G05	Grundschule	52.484772	13.367681
07G06	Grundschule	52.48047	13.33924
03E17	Künstlerische Schule	52.532859	13.422782
07E25	Sonstige Ergänzungsschule	52.48369	13.35521
07G07	Grundschule	52.45809	13.36325
01P13	Grundschule	52.540829	13.400815
06P11	Integrierte Sekundarschule	52.459034	13.330329
04E13	Künstlerische Schule	52.50186	13.32312
04E12	Künstlerische Schule	52.51712	13.309331
06G05	Grundschule	52.415181	13.146695
04G08	Grundschule	52.523791	13.303338
04G11	Grundschule	52.53903	13.30104
04G12	Grundschule	52.51782	13.29876
04B05	Berufsoberschule	52.53785	13.28699
04B05	Fachschule	52.53785	13.28699
04B05	Fachoberschule	52.53785	13.28699
04B05	Berufliches Gymnasium	52.53785	13.28699
04B05	Berufsfachschule	52.53785	13.28699
04A01	Schulpraktisches Seminar	52.51291	13.26918
03G12	Grundschule	52.54129	13.44553
07K03	Integrierte Sekundarschule	52.40662	13.34754
07P04	Grundschule	52.41658	13.35104
07G34	Grundschule	52.41209	13.35184
07G35	Grundschule	52.39085	13.41943
07G36	Grundschule	52.41166	13.40863
07G37	Grundschule	52.43363	13.38389
07Y08	Gymnasium	52.38563	13.40388
07P06	Übrige Förderschwerpunkte	52.41551	13.35947
06Y07	Gymnasium	52.46219	13.314388
07S03	Förderschwerp."Geistige Entwicklung"	52.41783	13.36458
07K02	Integrierte Sekundarschule	52.39571	13.40258
06A04	Schulpraktisches Seminar	52.4533	13.34514
07G20	Grundschule	52.45817	13.38069
07G21	Grundschule	52.48081	13.38185
07G22	Grundschule	52.454	13.37538
07G32	Grundschule	52.404902	13.402536
06K08	Integrierte Sekundarschule	52.43725	13.305628
06Y06	Gymnasium	52.43293	13.34283
07G25	Grundschule	52.447125	13.383928
06Y08	Gymnasium	52.45297	13.33373
07P02	Fachschule	52.49125	13.35207
07P02	Fachoberschule	52.49125	13.35207
07P03	Fachschule	52.496095	13.341136
07P03	Berufsfachschule	52.496095	13.341136
07P03	Berufsschule	52.496095	13.341136
07K01	Integrierte Sekundarschule	52.492808	13.356583
07S01	Förderschwerp."Lernen"	52.46884	13.34519
03P20	Integrierte Sekundarschule	52.56881	13.413808
04E36	Sonstige Ergänzungsschule	52.48725	13.29835
07B02	Fachoberschule	52.499167	13.364762
07B02	Berufsfachschule	52.499167	13.364762
07B02	Fachschule	52.499167	13.364762
07B02	Berufsschule	52.499167	13.364762
07A05	Volkshochschul-Kolleg	52.503326	13.341349
07A06	Volkshochschule	52.47538	13.32137
07P01	Integrierte Sekundarschule	52.49513	13.35327
12E03	Sonstige Ergänzungsschule	52.578686	13.305839
05G04	Grundschule	52.53861	13.17968
05G05	Grundschule	52.51986	13.193276
05G06	Grundschule	52.55125	13.175203
04S02	Förderschwerp."Geistige Entwicklung"	52.51489	13.30717
04S04	Übrige Förderschwerpunkte	52.49693	13.26373
04S04	Grundschule	52.49693	13.26373
04S05	Berufsschule mit sonderpäd. Aufgaben	52.4989	13.26508
04S05	Übrige Förderschwerpunkte	52.4989	13.26508
04S05	Berufsfachschule	52.4989	13.26508
04S05	Fachschule	52.4989	13.26508
07E09	Heilpraktikerschule	52.473683	13.33241
07G28	Grundschule	52.41591	13.37327
07G31	Grundschule	52.443699	13.408152
06G28	Grundschule	52.43255	13.36236
06G30	Grundschule	52.41225	13.317376
06K06	Integrierte Sekundarschule	52.439089	13.309116
07A02	Schulpraktisches Seminar	52.398	13.40412
07Y04	Gymnasium	52.46939	13.32431
04P09	Berufsfachschule	52.51606	13.30544
02P03	Grundschule	52.490805	13.421318
02P04	Freie Waldorfschule	52.503608	13.402409
02P05	Fachschule	52.49913	13.38633
02P05	Berufsfachschule	52.49913	13.38633
04G07	Grundschule	52.515043	13.315123
02K10	Integrierte Sekundarschule	52.488798	13.40149
04Y05	Gymnasium	52.510663	13.257932
02Y04	Gymnasium	52.515331	13.455796
02Y05	Gymnasium	52.510001	13.445399
02K01	Integrierte Sekundarschule	52.5152	13.43689
02G22	Grundschule	52.497294	13.41619
07P07	Berufsschule	52.501226	13.344422
02E11	Künstlerische Schule	52.48963	13.40086
04G04	Grundschule	52.50357	13.32014
02E04	Künstlerische Schule	52.512839	13.45532
02E32	Sprachenschule	52.49772	13.38026
08Y06	Gymnasium	52.40411	13.508639
02A04	Schulpraktisches Seminar	52.49445	13.43236
02S01	Förderschwerp."Lernen"	52.51449	13.4491
02S01	Berufsschule mit sonderpäd. Aufgaben	52.51449	13.4491
02S01	Übrige Förderschwerpunkte	52.51449	13.4491
02S01	Grundschule	52.51449	13.4491
02S01	Integrierte Sekundarschule	52.51449	13.4491
02S02	Förderschwerp."Geistige Entwicklung"	52.497102	13.416721
02S03	Übrige Förderschwerpunkte	52.51984	13.4346
02A05	Schulpraktisches Seminar	52.49445	13.43236
03G02	Grundschule	52.53064	13.42364
03G05	Grundschule	52.53371	13.43237
03G06	Grundschule	52.535104	13.439793
10E04	Sonstige Ergänzungsschule	52.526881	13.531361
02P02	Berufsfachschule	52.505313	13.448432
02P02	Fachschule	52.505313	13.448432
03S01	Förderschwerp."Lernen"	52.53452	13.41187
02G01	Grundschule	52.52106	13.43582
03G38	Grundschule	52.535141	13.458074
02G26	Grundschule	52.494198	13.416454
02G27	Grundschule	52.497732	13.426632
04E31	Künstlerische Schule	52.521413	13.325072
03P23	Grundschule	52.618602	13.390567
02A01	Schulpraktisches Seminar	52.49445	13.43236
04K06	Integrierte Sekundarschule	52.5161	13.29812
04Y06	Gymnasium	52.51103	13.26722
04K02	Integrierte Sekundarschule	52.50908	13.32082
04G02	Grundschule	52.5094	13.29502
04G05	Grundschule	52.521371	13.26202
02Y06	Gymnasium	52.48978	13.39747
04E45	Sonstige Ergänzungsschule	52.501585	13.330853
06G08	Grundschule	52.42278	13.26571
06P02	Grundschule	52.437874	13.228308
10G28	Grundschule	52.52593	13.59512
03S03	Förderschwerp."Geistige Entwicklung"	52.5267	13.42002
03A04	Abend-Gymnasium	52.55206	13.40553
03G11	Grundschule	52.54749	13.40538
03G08	Grundschule	52.54145	13.43118
03G09	Grundschule	52.54663	13.41479
03G25	Grundschule	52.55101	13.42173
04E33	Ausländische Schule	52.4874	13.3287
06G12	Grundschule	52.454097	13.27055
07G26	Grundschule	52.40019	13.41799
03B04	Berufsschule	52.55298	13.47542
03B04	Berufsfachschule	52.55298	13.47542
03B04	Fachoberschule	52.55298	13.47542
03B04	Berufsoberschule	52.55298	13.47542
03B04	Berufliches Gymnasium	52.55298	13.47542
01B05	Fachschule	52.51238	13.398
01B05	Berufsfachschule	52.51238	13.398
02E12	Künstlerische Schule	52.48872	13.39634
04B08	Fachoberschule	52.48169	13.3332
04B08	Berufsoberschule	52.48169	13.3332
04P22	Grundschule	52.5187	13.311
07E17	Sonstige Ergänzungsschule	52.4536	13.38765
01G01	Grundschule	52.53684	13.40039
01G02	Grundschule	52.532833	13.391048
01G05	Grundschule	52.52759	13.38033
01G04	Grundschule	52.52678	13.4018
11P04	Grundschule	52.48281	13.51442
11Y10	Gymnasium	52.54188	13.49242
01G07	Grundschule	52.516365	13.42412
01G08	Grundschule	52.51318	13.38276
07E16	Künstlerische Schule	52.484131	13.345846
01G10	Grundschule	52.50737	13.40892
08P06	Berufsfachschule	52.43914	13.45843
04E50	Sonstige Ergänzungsschule	52.4934	13.32964
03E14	Künstlerische Schule	52.559967	13.47049
04E34	Ausländische Schule	52.51921	13.28073
01E08	Sonstige Ergänzungsschule	52.512595	13.419779
02P10	Berufsfachschule	52.504533	13.447984
04P23	Grundschule	52.52466	13.258
04P23	Gymnasium	52.52466	13.258
04P12	Freie Waldorfschule	52.48936	13.30472
06G11	Grundschule	52.425776	13.224983
10B02	Fachoberschule	52.538493	13.607574
10B02	Berufsschule	52.538493	13.607574
10B02	Berufsfachschule	52.538493	13.607574
10B02	Berufsoberschule	52.538493	13.607574
10B02	Berufliches Gymnasium	52.538493	13.607574
04E40	Künstlerische Schule	52.52021	13.32865
02P19	Berufsfachschule	52.505234	13.393174
02P19	Fachschule	52.505234	13.393174
01K07	Integrierte Sekundarschule	52.530483	13.391682
09E06	Künstlerische Schule	52.43157	13.54447
12A06	Schulpraktisches Seminar	52.57316	13.35461
01E21	Künstlerische Schule	52.510736	13.406507
04E44	Sonstige Ergänzungsschule	52.50989	13.26533
04P24	Gymnasium	52.50952	13.263376
01G43	Grundschule	52.549234	13.373261
04E30	Künstlerische Schule	52.485759	13.323079
01Y11	Gymnasium	52.516365	13.42412
01Y02	Gymnasium	52.530923	13.404105
01S01	Förderschwerp."Lernen"	52.542859	13.372782
01S01	Integrierte Sekundarschule	52.542859	13.372782
11S12	Förderschwerp."Geistige Entwicklung"	52.53405	13.47214
05K09	Integrierte Sekundarschule	52.5349	13.13491
01P23	Integrierte Sekundarschule	52.51105	13.411367
01Y04	Gymnasium	52.536601	13.395581
02B05	Fachoberschule	52.52161	13.44855
02B05	Fachschule	52.52161	13.44855
02B05	Berufsoberschule	52.52161	13.44855
02B05	Berufsfachschule	52.52161	13.44855
02B05	Berufliches Gymnasium	52.52161	13.44855
03E12	Sonstige Ergänzungsschule	52.580584	13.411041
01E26	Sprachenschule	52.519205	13.388804
02E21	Sprachenschule	52.50168	13.43399
05E01	Sprachenschule	52.52309	13.191
11P03	Grundschule	52.50488	13.51307
08P01	Integrierte Sekundarschule	52.479565	13.422109
01E28	Sprachenschule	52.509342	13.387979
01S05	Übrige Förderschwerpunkte	52.542216	13.347104
01P03	Gymnasium	52.52504	13.39948
01P04	Freie Waldorfschule	52.525958	13.404877
01G11	Grundschule	52.53026	13.35303
03G10	Grundschule	52.61492	13.49606
02E28	Sonstige Ergänzungsschule	52.504864	13.448288
02A06	Schulpraktisches Seminar	52.49445	13.43236
04P08	Fachoberschule	52.51606	13.30544
03P02	Grundschule	52.55472	13.43075
04E27	Künstlerische Schule	52.518768	13.322999
01G44	Grundschule	52.503571	13.363001
01G15	Grundschule	52.51827	13.35527
01G16	Grundschule	52.521974	13.35657
01G24	Grundschule	52.55719	13.35717
01G27	Grundschule	52.55338	13.38292
10G32	Grundschule	52.49407	13.60915
01G25	Grundschule	52.55158	13.39611
05S04	Übrige Förderschwerpunkte	52.55625	13.16467
02P07	Berufliches Gymnasium	52.50296	13.390716
02P07	Berufsfachschule	52.50296	13.390716
02E07	Künstlerische Schule	52.505022	13.37784
01G28	Grundschule	52.54146	13.35783
09P05	Berufsfachschule	52.495782	13.454299
01G29	Grundschule	52.557813	13.384347
01G31	Grundschule	52.546206	13.362468
01E27	Sonstige Ergänzungsschule	52.52798	13.31894
10A08	Schulpraktisches Seminar	52.543387	13.586321
09P15	Grundschule	52.43806	13.59047
06P01	Grundschule	52.43474	13.26441
06P08	Förderschwerp."Lernen"	52.42172	13.19381
06P08	Förderschwerp."Geistige Entwicklung"	52.42172	13.19381
01G18	Grundschule	52.528894	13.331807
01G19	Grundschule	52.5214	13.34019
01P11	Berufsfachschule	52.510657	13.408364
03E18	Künstlerische Schule	52.53986	13.40719
04E01	Vorbereitungsschule auf Fremdenprüfung	52.50752	13.31647
01K04	Integrierte Sekundarschule	52.524775	13.316714
01K09	Integrierte Sekundarschule	52.53367	13.34651
01G42	Grundschule	52.550375	13.341886
01Y07	Gymnasium	52.50318	13.35549
07P10	Berufsfachschule	52.471716	13.365703
07P10	Fachschule	52.471716	13.365703
01G45	Grundschule	52.544342	13.361352
01S06	Übrige Förderschwerpunkte	52.549234	13.373261
01S06	Integrierte Sekundarschule	52.549234	13.373261
01P01	Grundschule	52.52274	13.40596
12G33	Grundschule	52.603879	13.359443
01B04	Berufsfachschule	52.55862	13.35463
01B04	Berufsschule	52.55862	13.35463
01B04	Berufsoberschule	52.55862	13.35463
01B01	Fachoberschule	52.524311	13.358633
01B01	Berufliches Gymnasium	52.524311	13.358633
01B01	Berufsschule	52.524311	13.358633
01B01	Berufsfachschule	52.524311	13.358633
01B01	Fachschule	52.524311	13.358633
01B01	Berufsoberschule	52.524311	13.358633
01B02	Fachschule	52.522686	13.337955
01G47	Grundschule	52.52232	13.331446
01G36	Grundschule	52.56553	13.38891
03P17	Berufsfachschule	52.63594	13.5062
01G32	Grundschule	52.56107	13.38284
01B03	Berufliches Gymnasium	52.55666	13.37961
01B03	Berufsschule	52.55666	13.37961
01B03	Fachoberschule	52.55666	13.37961
01B03	Berufsfachschule	52.55666	13.37961
01B03	Berufsoberschule	52.55666	13.37961
02G19	Grundschule	52.50303	13.38014
05S03	Förderschwerp."Geistige Entwicklung"	52.543211	13.24234
05B01	Berufliches Gymnasium	52.54416	13.23008
05B01	Berufsschule	52.54416	13.23008
05B01	Fachoberschule	52.54416	13.23008
05B01	Berufsfachschule	52.54416	13.23008
05B01	Berufsoberschule	52.54416	13.23008
05B02	Fachoberschule	52.53943	13.2418
05B02	Berufsschule	52.53943	13.2418
05B02	Berufsfachschule	52.53943	13.2418
05B02	Berufsoberschule	52.53943	13.2418
05B02	Berufliches Gymnasium	52.53943	13.2418
05P02	Grundschule	52.54414	13.19216
04G20	Grundschule	52.494	13.30619
04G23	Grundschule	52.477085	13.293432
01K06	Integrierte Sekundarschule	52.546324	13.373398
05G22	Grundschule	52.5227	13.16816
02G10	Grundschule	52.50705	13.46024
05K03	Integrierte Sekundarschule	52.525308	13.192692
05K05	Integrierte Sekundarschule	52.5469	13.17403
11G03	Grundschule	52.52237	13.48307
01P18	Gymnasium	52.538863	13.384797
01P18	Grundschule	52.538863	13.384797
05G20	Grundschule	52.56751	13.199061
02K06	Integrierte Sekundarschule	52.50277	13.45729
02K07	Integrierte Sekundarschule	52.518996	13.450401
02G03	Grundschule	52.518699	13.457697
01A02	Schulpraktisches Seminar	52.54121	13.3583
01A03	Schulpraktisches Seminar	52.54121	13.3583
03G03	Grundschule	52.53768	13.41489
03G04	Grundschule	52.536148	13.42559
05P01	Freie Waldorfschule	52.45976	13.154198
03B08	Berufsfachschule	52.54643	13.435
03B08	Berufliches Gymnasium	52.54643	13.435
03B08	Integrierte Sekundarschule	52.54643	13.435
01Y08	Gymnasium	52.55734	13.34371
06P09	Übrige Förderschwerpunkte	52.44188	13.22601
07G01	Grundschule	52.49539	13.35693
07G02	Grundschule	52.49823	13.34251
05G10	Grundschule	52.52596	13.180519
05G11	Grundschule	52.54065	13.27277
03G46	Grundschule	52.540786	13.422734
12A07	Schulpraktisches Seminar	52.57316	13.35461
05G13	Grundschule	52.54494	13.2325
05G17	Grundschule	52.5311	13.15652
01P05	Grundschule	52.52787	13.33431
05G18	Grundschule	52.549023	13.154969
05G19	Grundschule	52.455239	13.138357
09S05	Förderschwerp."Lernen"	52.41079	13.55406
10P09	Grundschule	52.5326	13.61635
07G10	Grundschule	52.484327	13.356154
07G12	Grundschule	52.494177	13.343268
07G14	Grundschule	52.489558	13.343356
07G16	Grundschule	52.47538	13.32137
07A01	Schulpraktisches Seminar	52.398	13.40412
06A01	Schulpraktisches Seminar	52.4446	13.24675
03P15	Berufsfachschule	52.53548	13.45393
04P15	Integrierte Sekundarschule	52.50671	13.2684
11G09	Grundschule	52.50818	13.51665
11G12	Grundschule	52.49199	13.53678
11G08	Grundschule	52.510047	13.50046
10G11	Grundschule	52.53976	13.5657
10G09	Grundschule	52.55062	13.56569
10G10	Grundschule	52.548156	13.551672
05A03	Volkshochschule	52.538048	13.201835
05G25	Grundschule	52.55625	13.16467
05P13	Gymnasium	52.519826	13.184948
05P13	Integrierte Sekundarschule	52.519826	13.184948
05P13	Grundschule	52.519826	13.184948
10G06	Grundschule	52.557763	13.561873
03G15	Grundschule	52.53452	13.41187
03K07	Integrierte Sekundarschule	52.529086	13.446061
12A02	Schulpraktisches Seminar	52.57316	13.35461
12P02	Freie Waldorfschule	52.60041	13.36429
12S01	Förderschwerp."Lernen"	52.584273	13.304873
12S03	Förderschwerp."Lernen"	52.603879	13.359443
12S03	Übrige Förderschwerpunkte	52.603879	13.359443
12S04	Förderschwerp."Geistige Entwicklung"	52.594285	13.330313
12S05	Übrige Förderschwerpunkte	52.62349	13.29375
12S06	Berufsschule mit sonderpäd. Aufgaben	52.58901	13.30389
12S06	Übrige Förderschwerpunkte	52.58901	13.30389
09S04	Übrige Förderschwerpunkte	52.44782	13.61966
09G22	Grundschule	52.462579	13.524106
09G23	Grundschule	52.45624	13.58095
09G25	Grundschule	52.43884	13.6059
01G40	Grundschule	52.55575	13.33375
01K08	Integrierte Sekundarschule	52.55628	13.3457
04G09	Grundschule	52.53967	13.2873
08K04	Integrierte Sekundarschule	52.41578	13.43231
08A02	Schulpraktisches Seminar	52.42179	13.45659
03G41	Grundschule	52.556012	13.421818
01E12	Sonstige Ergänzungsschule	52.521551	13.409676
09P06	Integrierte Sekundarschule	52.42775	13.59542
01E33	Kosmetikschule	52.51495	13.39359
08A01	Schulpraktisches Seminar	52.42179	13.45659
08Y03	Gymnasium	52.44553	13.44245
10S04	Förderschwerp."Geistige Entwicklung"	52.531157	13.553338
05E02	Heilpraktikerschule	52.462432	13.158849
06E01	Künstlerische Schule	52.44061	13.23796
07E08	Heilpraktikerschule	52.495286	13.341072
10K03	Integrierte Sekundarschule	52.56681	13.579505
08G21	Grundschule	52.466965	13.434906
08G22	Grundschule	52.42985	13.45178
08G23	Grundschule	52.462585	13.439533
08G24	Grundschule	52.45925	13.44063
04K03	Integrierte Sekundarschule	52.49448	13.31872
02G23	Grundschule	52.49575	13.44495
02G16	Grundschule	52.49381	13.39154
02G18	Grundschule	52.505469	13.426859
02G20	Grundschule	52.49488	13.40516
02G11	Grundschule	52.492881	13.476151
02Y01	Gymnasium	52.514039	13.434606
01E25	Sonstige Ergänzungsschule	52.510466	13.402102
03Y13	Gymnasium	52.537087	13.437857
02G21	Grundschule	52.49059	13.3999
02G04	Grundschule	52.518656	13.471
02G07	Grundschule	52.514357	13.448886
02G09	Grundschule	52.50898	13.4653
03Y03	Gymnasium	52.5458	13.42271
03Y04	Gymnasium	52.54663	13.42365
02G08	Grundschule	52.511492	13.471855
02K05	Integrierte Sekundarschule	52.525666	13.425987
03G14	Grundschule	52.55572	13.40768
02P14	Fachschule	52.504879	13.393793
03K03	Integrierte Sekundarschule	52.58183	13.41744
01K01	Integrierte Sekundarschule	52.55101	13.386048
01K03	Integrierte Sekundarschule	52.538896	13.394373
12P01	Grundschule	52.60942	13.31287
12K03	Integrierte Sekundarschule	52.57153	13.31463
12K05	Integrierte Sekundarschule	52.56976	13.36575
12K06	Integrierte Sekundarschule	52.581447	13.300983
04P34	Grundschule	52.49673	13.29524
12G18	Grundschule	52.576181	13.228007
09K05	Integrierte Sekundarschule	52.45109	13.61894
12G24	Grundschule	52.63695	13.27237
12G26	Grundschule	52.5952	13.36016
11G22	Grundschule	52.56339	13.51209
11G17	Grundschule	52.53738	13.50067
11G19	Grundschule	52.543711	13.488079
11G21	Grundschule	52.5521	13.49837
05G03	Grundschule	52.54863	13.19756
02P16	Berufsfachschule	52.49639	13.44388
02E24	Sonstige Ergänzungsschule	52.502639	13.440865
02P09	Grundschule	52.50413	13.42907
09G20	Grundschule	52.41469	13.66739
04Y04	Gymnasium	52.52888	13.3022
05G15	Grundschule	52.54049	13.19242
05G16	Grundschule	52.5409	13.14635
04G25	Grundschule	52.49331	13.32769
04B04	Fachschule	52.512303	13.312769
04B04	Berufsfachschule	52.512303	13.312769
04B04	Fachoberschule	52.512303	13.312769
01Y09	Gymnasium	52.550012	13.378338
02G02	Grundschule	52.524208	13.454324
08G06	Grundschule	52.476503	13.423961
08G07	Grundschule	52.480416	13.431252
08G08	Grundschule	52.482099	13.422505
08G25	Grundschule	52.41346	13.50984
08G26	Grundschule	52.421067	13.435095
08G27	Grundschule	52.44057	13.47209
08G29	Grundschule	52.43092	13.44294
08G30	Grundschule	52.41829	13.40469
08G31	Grundschule	52.42179	13.45659
08G33	Grundschule	52.42424	13.48673
08G34	Grundschule	52.42254	13.44504
11P01	Grundschule	52.50976	13.47978
10S08	Förderschwerp."Geistige Entwicklung"	52.540282	13.629414
03K11	Integrierte Sekundarschule	52.54845	13.42476
10S07	Förderschwerp."Lernen"	52.53	13.60199
10S07	Integrierte Sekundarschule	52.53	13.60199
10Y11	Gymnasium	52.534367	13.618584
05G28	Grundschule	52.544061	13.228327
05G29	Grundschule	52.472209	13.127426
09B03	Berufsoberschule	52.46634	13.50742
09B03	Berufsschule	52.46634	13.50742
09B03	Berufsfachschule	52.46634	13.50742
09B03	Fachoberschule	52.46634	13.50742
09B03	Berufliches Gymnasium	52.46634	13.50742
11G02	Grundschule	52.52899	13.48214
09P10	Grundschule	52.45387	13.56781
09A07	Integrierte Sekundarschule	52.44683	13.60192
09Y05	Gymnasium	52.445252	13.566972
09Y06	Gymnasium	52.45227	13.63269
11P09	Gymnasium	52.51642	13.50061
09K01	Integrierte Sekundarschule	52.46431	13.57643
05G02	Grundschule	52.558423	13.199146
02B04	Berufliches Gymnasium	52.500529	13.437771
02B04	Berufsschule	52.500529	13.437771
02B04	Berufsfachschule	52.500529	13.437771
02B04	Fachoberschule	52.500529	13.437771
02B04	Fachschule	52.500529	13.437771
02B04	Berufsoberschule	52.500529	13.437771
01P07	Berufsfachschule	52.53492	13.38905
01P07	Fachoberschule	52.53492	13.38905
01P07	Fachschule	52.53492	13.38905
02Y07	Gymnasium	52.49323	13.41596
02K02	Integrierte Sekundarschule	52.491647	13.404491
02K03	Integrierte Sekundarschule	52.49832	13.3841
02K04	Integrierte Sekundarschule	52.49178	13.38971
09A06	Volkshochschule	52.4659	13.51817
03G13	Grundschule	52.59125	13.37612
03G39	Grundschule	52.56527	13.42024
08P10	Berufsfachschule	52.484767	13.440547
03B03	Berufsschule	52.55795	13.45139
03B03	Berufsfachschule	52.55795	13.45139
03B03	Fachoberschule	52.55795	13.45139
03B03	Berufsoberschule	52.55795	13.45139
03P11	Förderschwerp."Geistige Entwicklung"	52.552234	13.45935
03G20	Grundschule	52.559028	13.475454
03G24	Grundschule	52.61986	13.486729
03K05	Integrierte Sekundarschule	52.551192	13.441808
03K08	Integrierte Sekundarschule	52.55879	13.44729
09A03	Schulpraktisches Seminar	52.44107	13.57814
02B02	Fachoberschule	52.49909	13.40309
02B02	Berufsfachschule	52.49909	13.40309
02B02	Berufsschule	52.49909	13.40309
04G14	Grundschule	52.513329	13.268399
03S06	Förderschwerp."Lernen"	52.60791	13.42388
03S07	Förderschwerp."Lernen"	52.578097	13.394472
03S08	Förderschwerp."Geistige Entwicklung"	52.57877	13.41699
03A05	Volkshochschule	52.540662	13.44844
03K06	Integrierte Sekundarschule	52.56838	13.40303
03K09	Integrierte Sekundarschule	52.562908	13.407559
03G28	Grundschule	52.59089	13.410577
03G29	Grundschule	52.637343	13.490967
03G33	Grundschule	52.60417	13.43415
04P27	Übrige Förderschwerpunkte	52.518846	13.278101
12P10	Integrierte Sekundarschule	52.61043	13.24916
05A04	Schulpraktisches Seminar	52.545743	13.174813
03G34	Grundschule	52.573478	13.416325
03Y08	Gymnasium	52.566429	13.40007
02A02	Schulpraktisches Seminar	52.49445	13.43236
10G12	Grundschule	52.537783	13.551797
12K11	Integrierte Sekundarschule	52.61914	13.22771
01P06	Gymnasium	52.50969	13.3557
09K04	Integrierte Sekundarschule	52.4659	13.51817
04P05	Integrierte Sekundarschule	52.51771	13.31551
08P08	Berufsfachschule	52.4663	13.443932
06A08	Schulpraktisches Seminar	52.42476	13.34742
04P07	Fachschule	52.511019	13.304935
04P07	Berufsfachschule	52.511019	13.304935
05G01	Grundschule	52.5304	13.20672
09S03	Förderschwerp."Geistige Entwicklung"	52.471245	13.516154
12G23	Grundschule	52.63826	13.28757
12G27	Grundschule	52.60169	13.35807
12G06	Grundschule	52.56963	13.375634
11K10	Integrierte Sekundarschule	52.569831	13.479469
11G26	Grundschule	52.56405	13.51904
09G26	Grundschule	52.43385	13.70158
11G18	Grundschule	52.537206	13.483664
11S02	Förderschwerp."Lernen"	52.52392	13.4769
11Y02	Gymnasium	52.52671	13.467245
11Y11	Gymnasium	52.501956	13.489635
04E48	Sonstige Ergänzungsschule	52.4954	13.31001
03G21	Grundschule	52.592262	13.454422
03G22	Grundschule	52.56546	13.43664
03G23	Grundschule	52.609682	13.479743
11Y05	Gymnasium	52.4918	13.52343
11P15	Berufsfachschule	52.523575	13.479928
11P15	Fachschule	52.523575	13.479928
09K09	Integrierte Sekundarschule	52.419368	13.576124
02B03	Berufsschule	52.50604	13.38927
02B03	Berufsfachschule	52.50604	13.38927
02B03	Fachoberschule	52.50604	13.38927
04G13	Grundschule	52.514893	13.293865
07P11	Gymnasium	52.47668	13.34116
02Y08	Gymnasium	52.493579	13.419151
03Y15	Gymnasium	52.583884	13.402118
03Y10	Gymnasium	52.56669	13.41948
03K02	Integrierte Sekundarschule	52.55812	13.42333
04A07	Schulpraktisches Seminar	52.51291	13.26918
02E30	Sonstige Ergänzungsschule	52.505234	13.393174
03E16	Sonstige Ergänzungsschule	52.59342	13.45166
04E47	Sonstige Ergänzungsschule	52.5119	13.30605
03P10	Gymnasium	52.550539	13.446477
03G18	Grundschule	52.547032	13.460359
11S07	Übrige Förderschwerpunkte	52.5217	13.47301
11S07	Berufsschule mit sonderpäd. Aufgaben	52.5217	13.47301
11S05	Übrige Förderschwerpunkte	52.52822	13.50858
11S06	Übrige Förderschwerpunkte	52.53183	13.47998
03G27	Grundschule	52.56831	13.41044
03G32	Grundschule	52.579207	13.394536
03G35	Grundschule	52.618258	13.389549
11G23	Grundschule	52.503	13.50355
11G11	Grundschule	52.49572	13.51176
11G07	Grundschule	52.5101	13.48594
05G21	Grundschule	52.521	13.19029
10G08	Grundschule	52.55325	13.58137
05K01	Integrierte Sekundarschule	52.54895	13.1565
01E10	Sonstige Ergänzungsschule	52.5525	13.36152
05K02	Integrierte Sekundarschule	52.5259	13.17464
05K04	Integrierte Sekundarschule	52.565166	13.199033
05S01	Förderschwerp."Lernen"	52.549099	13.1934
05S02	Förderschwerp."Lernen"	52.521	13.19029
09K08	Integrierte Sekundarschule	52.44056	13.56727
10G07	Grundschule	52.55335	13.56415
03K04	Integrierte Sekundarschule	52.540662	13.44844
12B03	Fachoberschule	52.59745	13.33097
12B03	Berufsschule	52.59745	13.33097
12B03	Berufsfachschule	52.59745	13.33097
12B03	Berufsoberschule	52.59745	13.33097
12B03	Fachschule	52.59745	13.33097
12K10	Integrierte Sekundarschule	52.62349	13.29375
05Y03	Gymnasium	52.47244	13.13028
11G05	Grundschule	52.51686	13.49421
12P04	Gymnasium	52.60942	13.31287
12P04	Integrierte Sekundarschule	52.60942	13.31287
10G01	Grundschule	52.54728	13.56405
10G03	Marzahn-Hellersdorf	52.56767	13.57023
07E19	Heilpraktikerschule	52.485001	13.346298
03P14	Grundschule	52.55343	13.40967
01K02	Integrierte Sekundarschule	52.54701	13.34782
12B01	Berufsschule	52.561203	13.371291
12B01	Fachoberschule	52.561203	13.371291
12B01	Berufsfachschule	52.561203	13.371291
12B01	Berufsoberschule	52.561203	13.371291
12B01	Berufliches Gymnasium	52.561203	13.371291
12A01	Schulpraktisches Seminar	52.57316	13.35461
10G04	Grundschule	52.56593	13.5564
10G05	Grundschule	52.56407	13.57294
01E03	Künstlerische Schule	52.512595	13.419779
04E25	Sonstige Ergänzungsschule	52.480119	13.324748
11P08	Fachoberschule	52.525442	13.480804
11P08	Berufsfachschule	52.525442	13.480804
07E11	Sonstige Ergänzungsschule	52.47572	13.35607
04A04	Volkshochschul-Kolleg	52.508439	13.303442
04K08	Integrierte Sekundarschule	52.505241	13.290548
07E24	Kosmetikschule	52.43768	13.37648
04P01	Grundschule	52.51128	13.25288
04P02	Grundschule	52.51602	13.25603
05G07	Grundschule	52.54766	13.20683
09P07	Gymnasium	52.423405	13.592348
06E05	Sprachenschule	52.455302	13.320493
11E12	Sprachenschule	52.514423	13.49027
02E06	Heilpraktikerschule	52.49884	13.43616
12E01	Kosmetikschule	52.631718	13.289543
12E04	Sprachenschule	52.583585	13.285095
03E04	Sprachenschule	52.550334	13.416773
02E03	Sprachenschule	52.51291	13.458654
05G12	Grundschule	52.50825	13.1742
12K07	Integrierte Sekundarschule	52.58995	13.33545
12G19	Grundschule	52.60851	13.31718
12G20	Grundschule	52.617516	13.339396
12G28	Grundschule	52.609905	13.335731
12G09	Grundschule	52.59299	13.34869
12G10	Grundschule	52.5863	13.33039
12G12	Grundschule	52.58822	13.30561
12G14	Grundschule	52.57359	13.28368
12G17	Grundschule	52.60802	13.23202
12G21	Grundschule	52.61528	13.32062
12G13	Grundschule	52.58822	13.2828
05G14	Grundschule	52.53517	13.14081
09G19	Grundschule	52.44262	13.58891
08E02	Sprachenschule	52.49128	13.42344
03E10	Kosmetikschule	52.644384	13.500746
02E05	Vorbereitungsschule auf Fremdenprüfung	52.49191	13.38817
02E27	Sprachenschule	52.514692	13.462441
03P28	Grundschule	52.568686	13.411429
03P28	Gymnasium	52.568686	13.411429
01G41	Grundschule	52.55099	13.35786
10G26	Grundschule	52.5115	13.614782
09G18	Grundschule	52.43946	13.56429
10K09	Integrierte Sekundarschule	52.529047	13.622082
06P18	Grundschule	52.419898	13.283441
06P18	Gymnasium	52.419898	13.283441
10K07	Integrierte Sekundarschule	52.535223	13.591017
10G30	Grundschule	52.522102	13.628787
01E29	Sprachenschule	52.51146	13.390646
08P09	Integrierte Sekundarschule	52.46534	13.43654
06A09	Schulpraktisches Seminar	52.4446	13.24675
01G46	Grundschule	52.52778	13.39745
10G31	Grundschule	52.56382	13.56592
10G33	Grundschule	52.48584	13.58006
03E03	Wirtschafts- u. Verwaltungsschule	52.537593	13.451858
02E18	Sonstige Ergänzungsschule	52.493385	13.388791
04P03	Grundschule	52.50209	13.25939
04P04	Gymnasium	52.51128	13.27507
04G15	Grundschule	52.508946	13.236971
09P08	Berufsfachschule	52.450125	13.572725
11E06	Wirtschafts- u. Verwaltungsschule	52.489849	13.538648
04Y01	Gymnasium	52.50993	13.321596
04Y02	Gymnasium	52.50343	13.25701
04Y03	Gymnasium	52.5023	13.31237
02K08	Integrierte Sekundarschule	52.49962	13.43555
02S06	Übrige Förderschwerpunkte	52.501885	13.391531
11Y09	Gymnasium	52.569201	13.549303
11A07	Integrierte Sekundarschule	52.545849	13.476878
11K04	Integrierte Sekundarschule	52.53573	13.48743
10P13	Grundschule	52.51949	13.60077
11S08	Förderschwerp."Lernen"	52.5627	13.5136
11S08	Grundschule	52.5627	13.5136
11G29	Grundschule	52.5724	13.52072
11K05	Integrierte Sekundarschule	52.570237	13.52104
03E15	Sprachenschule	52.537013	13.40854
11K09	Integrierte Sekundarschule	52.53952	13.49572
11K07	Integrierte Sekundarschule	52.5678	13.50702
04K05	Integrierte Sekundarschule	52.50227	13.30194
12Y01	Gymnasium	52.56959	13.35743
12Y02	Gymnasium	52.57145	13.36873
09P11	Fachschule	52.428342	13.552864
12Y04	Gymnasium	52.592148	13.297061
12Y05	Gymnasium	52.616834	13.303382
12K04	Integrierte Sekundarschule	52.57316	13.35461
03G36	Grundschule	52.58294	13.41741
03G37	Grundschule	52.55989	13.40756
03Y14	Gymnasium	52.5516	13.45369
09Y11	Gymnasium	52.44275	13.588735
03G26	Grundschule	52.56868	13.40012
11B01	Fachoberschule	52.5234	13.51275
11B01	Berufsschule	52.5234	13.51275
11B01	Berufsfachschule	52.5234	13.51275
11B02	Fachoberschule	52.50116	13.48697
11B02	Berufsschule	52.50116	13.48697
11B02	Berufsfachschule	52.50116	13.48697
11B02	Berufliches Gymnasium	52.50116	13.48697
11B02	Berufsoberschule	52.50116	13.48697
03G01	Grundschule	52.55381	13.43681
04E41	Kosmetikschule	52.48688	13.31644
03E20	Wirtschafts- u. Verwaltungsschule	52.528389	13.412727
03G17	Grundschule	52.555294	13.457004
10P03	Fachschule	52.553022	13.542845
10P03	Berufsfachschule	52.553022	13.542845
10K04	Integrierte Sekundarschule	52.55821	13.5601
10Y01	Gymnasium	52.55271	13.55658
10Y02	Gymnasium	52.511922	13.549199
11S04	Übrige Förderschwerpunkte	52.498846	13.519748
12G29	Grundschule	52.57359	13.32554
12G30	Grundschule	52.574	13.30985
03G43	Grundschule	52.5903	13.36421
12G32	Grundschule	52.59744	13.36465
03P13	Integrierte Sekundarschule	52.57624	13.39997
02E01	Wirtschafts- u. Verwaltungsschule	52.507604	13.471702
04E02	Wirtschafts- u. Verwaltungsschule	52.511019	13.304935
04E15	Wirtschafts- u. Verwaltungsschule	52.50529	13.32785
04E03	Wirtschafts- u. Verwaltungsschule	52.506386	13.333502
04E14	Wirtschafts- u. Verwaltungsschule	52.487822	13.332373
11K01	Integrierte Sekundarschule	52.50795	13.51556
11K02	Integrierte Sekundarschule	52.511321	13.481213
08A05	Schulpraktisches Seminar	52.42179	13.45659
11E09	Sonstige Ergänzungsschule	52.489506	13.510005
04E42	Künstlerische Schule	52.507148	13.314531
11G14	Grundschule	52.479326	13.53427
11G16	Grundschule	52.50159	13.48054
11K06	Integrierte Sekundarschule	52.515892	13.48038
11K08	Integrierte Sekundarschule	52.496354	13.514933
03P24	Integrierte Sekundarschule	52.562028	13.413839
10G13	Grundschule	52.52982	13.55966
10G14	Grundschule	52.5301	13.54212
11G13	Grundschule	52.48925	13.51994
11G01	Grundschule	52.52933	13.46695
10A06	Schulpraktisches Seminar	52.543387	13.586321
11G06	Grundschule	52.5114	13.53125
10G16	Grundschule	52.49039	13.551484
05P08	Berufsfachschule	52.53759	13.26061
01E18	Sonstige Ergänzungsschule	52.512182	13.419937
06B03	Berufsfachschule	52.43032	13.31715
06B03	Berufsschule	52.43032	13.31715
06B03	Fachoberschule	52.43032	13.31715
06B03	Berufsoberschule	52.43032	13.31715
06A07	Schulpraktisches Seminar	52.4533	13.34514
02E17	Sonstige Ergänzungsschule	52.49639	13.44388
06G18	Grundschule	52.440565	13.290632
08G37	Grundschule	52.401126	13.501995
08G03	Grundschule	52.483564	13.451851
08G18	Grundschule	52.477969	13.450143
07Y06	Gymnasium	52.45992	13.37992
07Y07	Gymnasium	52.4451	13.38052
07Y09	Gymnasium	52.39186	13.406604
09E01	Wirtschafts- u. Verwaltungsschule	52.428275	13.537926
02G33	Grundschule	52.49312	13.40611
11A02	Schulpraktisches Seminar	52.507519	13.525349
01A04	Berlin-Kolleg	52.526574	13.334076
10Y08	Gymnasium	52.54332	13.59106
10K02	Integrierte Sekundarschule	52.54322	13.58574
03P27	Fachschule	52.564701	13.4154
11A06	Schulpraktisches Seminar	52.507519	13.525349
12A08	Schulpraktisches Seminar	52.57316	13.35461
04P21	Grundschule	52.48889	13.33148
05G08	Grundschule	52.53018	13.19202
05G09	Grundschule	52.549099	13.1934
10P05	Grundschule	52.482622	13.604232
04K04	Integrierte Sekundarschule	52.49088	13.32105
12B02	Berufsoberschule	52.59745	13.33097
12B02	Berufliches Gymnasium	52.59745	13.33097
12B02	Berufsschule	52.59745	13.33097
12B02	Fachoberschule	52.59745	13.33097
12B02	Berufsfachschule	52.59745	13.33097
12B02	Fachschule	52.59745	13.33097
12P03	Gymnasium	52.631606	13.283263
12P03	Grundschule	52.631606	13.283263
12Y06	Gymnasium	52.588263	13.255128
12Y08	Gymnasium	52.59848	13.35224
12K02	Integrierte Sekundarschule	52.60511	13.35859
10A07	Schulpraktisches Seminar	52.543387	13.586321
02G34	Grundschule	52.51279	13.46783
02E29	Sprachenschule	52.48977	13.39253
12K09	Integrierte Sekundarschule	52.615646	13.298748
12Y03	Gymnasium	52.59176	13.28891
12Y07	Gymnasium	52.598998	13.317865
12S02	Förderschwerp."Lernen"	52.62034	13.30794
09G29	Grundschule	52.376769	13.647546
10K05	Integrierte Sekundarschule	52.54542	13.59615
03G44	Grundschule	52.55219	13.47502
03P03	Integrierte Sekundarschule	52.53529	13.428166
03P03	Grundschule	52.53529	13.428166
04E32	Ausländische Schule	52.50843	13.23702
06E13	Ausländische Schule	52.41441	13.146594
01E30	Ausländische Schule	52.501393	13.356581
12K01	Integrierte Sekundarschule	52.58822	13.2828
12G11	Grundschule	52.5861	13.33753
03P18	Grundschule	52.54803	13.45556
10K06	Integrierte Sekundarschule	52.49015	13.55783
07E07	Sprachenschule	52.484888	13.366162
02A07	Schulpraktisches Seminar	52.49445	13.43236
04P20	Berufsfachschule	52.50529	13.32785
04P20	Fachoberschule	52.50529	13.32785
04P20	Berufsoberschule	52.50529	13.32785
04E05	Kosmetikschule	52.505467	13.319661
07E01	Wirtschafts- u. Verwaltungsschule	52.503292	13.342343
12G22	Grundschule	52.61309	13.30379
04E24	Sonstige Ergänzungsschule	52.49993	13.2961
03E08	Sonstige Ergänzungsschule	52.543968	13.440499
03B07	Fachoberschule	52.54575	13.44136
03B07	Berufsschule	52.54575	13.44136
03B07	Berufsfachschule	52.54575	13.44136
03B07	Berufsoberschule	52.54575	13.44136
03B07	Berufliches Gymnasium	52.54575	13.44136
02E10	Künstlerische Schule	52.501862	13.411262
07E15	Künstlerische Schule	52.458	13.39339
08G36	Grundschule	52.472499	13.448771
03K10	Integrierte Sekundarschule	52.63325	13.49373
12G15	Grundschule	52.58744	13.29515
09E07	Sonstige Ergänzungsschule	52.46732	13.56494
09P12	Grundschule	52.44465	13.52864
08A04	Schulpraktisches Seminar	52.41932	13.50923
02K09	Integrierte Sekundarschule	52.494205	13.418709
12G34	Grundschule	52.613129	13.227141
10G25	Grundschule	52.52913	13.6081
10G29	Grundschule	52.52118	13.58041
03S09	Übrige Förderschwerpunkte	52.57805	13.41782
03S10	Übrige Förderschwerpunkte	52.62953	13.49149
03B02	Fachoberschule	52.59409	13.40031
03B02	Fachschule	52.59409	13.40031
03B02	Berufsfachschule	52.59409	13.40031
12G01	Grundschule	52.578512	13.284936
12G02	Grundschule	52.5622	13.3554
12G03	Grundschule	52.563219	13.370292
12G04	Grundschule	52.5732	13.3423
12G05	Grundschule	52.57569	13.36622
12G07	Grundschule	52.56864	13.3264
10G17	Grundschule	52.54682	13.58926
10G18	Grundschule	52.54256	13.6001
10G19	Grundschule	52.54068	13.62913
10K10	Integrierte Sekundarschule	52.53699	13.59663
10G22	Grundschule	52.532527	13.618558
11P06	Berufsschule	52.51171	13.48965
11P06	Berufsfachschule	52.51171	13.48965
11P06	Fachschule	52.51171	13.48965
08G02	Grundschule	52.486488	13.426763
08G05	Grundschule	52.48442	13.44062
08G28	Grundschule	52.420381	13.501675
07G27	Grundschule	52.43886	13.3855
07G30	Grundschule	52.39757	13.40197
06Y09	Gymnasium	52.45398	13.31302
06Y10	Gymnasium	52.43595	13.31215
06Y11	Gymnasium	52.434929	13.305363
06Y12	Gymnasium	52.43469	13.32096
06A03	Schulpraktisches Seminar	52.42476	13.34742
03E07	Künstlerische Schule	52.548728	13.415037
06P15	Berufsfachschule	52.436893	13.31255
06P15	Fachschule	52.436893	13.31255
06P15	Fachoberschule	52.436893	13.31255
05G27	Grundschule	52.543893	13.1996
03G40	Grundschule	52.60791	13.42388
02B01	Berufsfachschule	52.502643	13.45039
02B01	Berufsschule mit sonderpäd. Aufgaben	52.502643	13.45039
02B01	Berufsschule	52.502643	13.45039
06P14	Berufsfachschule	52.455302	13.320493
06P14	Fachoberschule	52.455302	13.320493
06P14	Fachschule	52.455302	13.320493
03B06	Berufsfachschule	52.57938	13.39577
03B06	Berufsschule mit sonderpäd. Aufgaben	52.57938	13.39577
09A04	Schulpraktisches Seminar	52.44107	13.57814
11G10	Grundschule	52.56409	13.50024
11G25	Grundschule	52.56846	13.50628
11G28	Grundschule	52.569161	13.531731
10B01	Fachoberschule	52.530832	13.533223
10B01	Berufsschule	52.530832	13.533223
10B01	Berufsfachschule	52.530832	13.533223
10B01	Berufsoberschule	52.530832	13.533223
10A04	Volkshochschul-Kolleg	52.5363	13.53885
06P13	Integrierte Sekundarschule	52.43948	13.30596
01E13	Sonstige Ergänzungsschule	52.525958	13.404877
02E14	Sonstige Ergänzungsschule	52.502461	13.440962
02E15	Sonstige Ergänzungsschule	52.499727	13.422313
09G15	Grundschule	52.40733	13.53679
01P24	Berufsfachschule	52.54527	13.37185
01P24	Fachschule	52.54527	13.37185
03P26	Integrierte Sekundarschule	52.53503	13.41897
02E20	Künstlerische Schule	52.50385	13.39627
04E22	Künstlerische Schule	52.48296	13.28064
02E34	Künstlerische Schule	52.489369	13.388652
06E08	Künstlerische Schule	52.422228	13.336064
06G31	Grundschule	52.447783	13.318838
06G29	Grundschule	52.417401	13.333982
10K01	Integrierte Sekundarschule	52.5555	13.57573
05E03	Sonstige Ergänzungsschule	52.568707	13.198593
12E05	Sonstige Ergänzungsschule	52.59556	13.28372
06E02	Sonstige Ergänzungsschule	52.4306	13.3098
02P13	Integrierte Sekundarschule	52.51363	13.44366
07G23	Grundschule	52.4487	13.40066
04E46	Sonstige Ergänzungsschule	52.523559	13.309292
04B01	Berufsschule mit sonderpäd. Aufgaben	52.51718	13.31306
04B01	Berufsfachschule	52.51718	13.31306
04B02	Berufliches Gymnasium	52.51186	13.291181
04B02	Berufsschule	52.51186	13.291181
04B02	Berufsfachschule	52.51186	13.291181
04B02	Fachoberschule	52.51186	13.291181
04B03	Berufsoberschule	52.51682	13.30187
04B03	Fachoberschule	52.51682	13.30187
04B03	Berufsschule	52.51682	13.30187
04B03	Berufsfachschule	52.51682	13.30187
06G04	Grundschule	52.458141	13.283199
10Y03	Gymnasium	52.533571	13.551106
03P12	Grundschule	52.58035	13.42252
04E09	Heilpraktikerschule	52.503293	13.308468
04E10	Heilpraktikerschule	52.501852	13.305427
09P13	Grundschule	52.452976	13.620898
08B01	Berufsschule mit sonderpäd. Aufgaben	52.44382	13.4442
04E21	Heilpraktikerschule	52.496981	13.299892
10K08	Integrierte Sekundarschule	52.56993	13.57866
04E17	Sprachenschule	52.49988	13.31835
07E05	Sprachenschule	52.498939	13.351683
04A08	Integrierte Sekundarschule	52.519204	13.235716
04G01	Grundschule	52.50921	13.31305
04G06	Grundschule	52.50259	13.259
12A05	Schulpraktisches Seminar	52.57316	13.35461
07E18	Heilpraktikerschule	52.47113	13.32389
07E20	Sonstige Ergänzungsschule	52.501226	13.344422
02G29	Grundschule	52.500729	13.429182
02G31	Grundschule	52.49085	13.38065
02G32	Grundschule	52.50077	13.38313
07E02	Kosmetikschule	52.502186	13.346436
04E07	Sprachenschule	52.50429	13.330892
01E16	Wirtschafts- u. Verwaltungsschule	52.50899	13.389571
11E05	Wirtschafts- u. Verwaltungsschule	52.51171	13.48965
04E04	Kosmetikschule	52.503926	13.30787
01P14	Berufsfachschule	52.515586	13.414846
01P14	Fachoberschule	52.515586	13.414846
01P14	Fachschule	52.515586	13.414846
03P08	Fachschule	52.530659	13.427042
03P08	Berufsfachschule	52.530659	13.427042
03P08	Fachoberschule	52.530659	13.427042
08G01	Grundschule	52.484904	13.431792
01G35	Grundschule	52.54323	13.380143
01G37	Grundschule	52.54695	13.39407
01G38	Grundschule	52.53795	13.39162
01G39	Grundschule	52.54222	13.3969
09G14	Grundschule	52.40671	13.57427
03K01	Integrierte Sekundarschule	52.5314	13.42807
08G09	Grundschule	52.47578	13.43333
08G11	Grundschule	52.41198	13.48526
08G12	Grundschule	52.47189	13.43548
08G13	Grundschule	52.44095	13.44886
08G14	Grundschule	52.4725	13.43556
08G15	Grundschule	52.46416	13.43005
08G16	Grundschule	52.42538	13.45705
08G17	Grundschule	52.47359	13.44439
08G20	Grundschule	52.47197	13.46714
08Y04	Gymnasium	52.48349	13.43711
08Y05	Gymnasium	52.41623	13.42658
08G35	Grundschule	52.4666	13.4721
06A06	Schulpraktisches Seminar	52.4533	13.34514
09G05	Grundschule	52.44014	13.4979
02P20	Berufsfachschule	52.515353	13.46825
02P20	Fachschule	52.515353	13.46825
03P22	Integrierte Sekundarschule	52.561793	13.422274
08K10	Integrierte Sekundarschule	52.4761	13.43129
08K12	Integrierte Sekundarschule	52.46737	13.46477
08K11	Integrierte Sekundarschule	52.448	13.43469
02P11	Integrierte Sekundarschule	52.525149	13.425091
08K08	Integrierte Sekundarschule	52.487309	13.434226
03Y16	Gymnasium	52.615393	13.494218
08K09	Integrierte Sekundarschule	52.488886	13.449558
08Y01	Gymnasium	52.46947	13.43907
08Y02	Gymnasium	52.4852	13.42649
09G07	Grundschule	52.45459	13.51379
05G23	Grundschule	52.53595	13.15293
05G24	Grundschule	52.48547	13.17431
05G26	Grundschule	52.51289	13.1667
05K06	Integrierte Sekundarschule	52.54571	13.1967
05K07	Integrierte Sekundarschule	52.53843	13.26697
05K08	Integrierte Sekundarschule	52.51098	13.18567
05Y01	Gymnasium	52.539684	13.198479
05Y02	Gymnasium	52.54286	13.20115
05Y04	Gymnasium	52.54559	13.26983
05Y05	Gymnasium	52.538567	13.199029
05A01	Schulpraktisches Seminar	52.545743	13.174813
05A02	Schulpraktisches Seminar	52.545743	13.174813
05P03	Integrierte Sekundarschule	52.568707	13.198593
05P04	Förderschwerp."Geistige Entwicklung"	52.568707	13.198593
05P05	Berufsschule mit sonderpäd. Aufgaben	52.453375	13.119113
04P18	Freie Waldorfschule	52.48922	13.32985
05P06	Berufsschule	52.53759	13.26061
05P10	Fachschule	52.571147	13.194449
05P10	Berufsfachschule	52.571147	13.194449
04G17	Grundschule	52.49541	13.31942
04G18	Grundschule	52.48328	13.33269
04G19	Grundschule	52.47113	13.31312
04G21	Grundschule	52.49993	13.2961
04G22	Grundschule	52.484525	13.281094
04G24	Grundschule	52.47841	13.28709
04G26	Grundschule	52.480726	13.321893
04Y07	Gymnasium	52.484621	13.319289
04S06	Förderschwerp."Geistige Entwicklung"	52.48448	13.31606
03P30	Freie Waldorfschule	52.544465	13.454233
02P22	Fachschule	52.500737	13.432801
11E11	Künstlerische Schule	52.507308	13.475708
03E19	Künstlerische Schule	52.532665	13.423303
03G47	Grundschule	52.57805	13.41782
04P35	Gymnasium	52.4715	13.30755
09P16	Grundschule	52.4478	13.53187
01P36	Berufsfachschule	52.523382	13.415435
01P36	Fachschule	52.523382	13.415435
06P20	Gymnasium	52.437737	13.26324
06P20	Integrierte Sekundarschule	52.437737	13.26324
02P23	Berufsfachschule	52.508362	13.450038
01P48	Fachschule	52.553872	13.359351
01P48	Berufsfachschule	52.553872	13.359351
02P25	Grundschule	52.52109	13.44924
02E35	Sonstige Ergänzungsschule	52.512185	13.448626
05P18	Grundschule	52.52737	13.18859
12P11	Integrierte Sekundarschule	52.60471	13.31549
01S07	Förderschwerp."Geistige Entwicklung"	52.52226	13.42328
01P37	Fachschule	52.513043	13.418022
04A09	Schulpraktisches Seminar	52.51291	13.26918
12A09	Schulpraktisches Seminar	52.57316	13.35461
06E14	Künstlerische Schule	52.46335	13.31587
02E36	Künstlerische Schule	52.501862	13.411262
02E37	Künstlerische Schule	52.511694	13.452733
02E38	Künstlerische Schule	52.490594	13.418406
01Y12	Gymnasium	52.51935	13.3394
02G35	Grundschule	52.495472	13.43052
11K11	Integrierte Sekundarschule	52.55475	13.50438
01P38	Berufsfachschule	52.52537	13.33329
01P38	Fachschule	52.52537	13.33329
07K12	Integrierte Sekundarschule	52.469784	13.344068
11P14	Fachschule	52.524922	13.465606
11P14	Berufsfachschule	52.524922	13.465606
05P19	Integrierte Sekundarschule	52.51719	13.1763
06K10	Integrierte Sekundarschule	52.4528	13.33586
07P12	Fachschule	52.47572	13.35607
02P26	Berufsfachschule	52.507857	13.399519
10P14	Grundschule	52.52505	13.59226
01P40	Berufsfachschule	52.526463	13.348172
07P13	Integrierte Sekundarschule	52.4457	13.382407
12P13	Fachschule	52.580859	13.292191
12P13	Fachoberschule	52.580859	13.292191
12P13	Berufsfachschule	52.580859	13.292191
12P14	Grundschule	52.611906	13.246361
03P35	Berufsfachschule	52.528981	13.456335
03P32	Integrierte Sekundarschule	52.638559	13.490436
01P42	Berufsfachschule	52.52417	13.413897
01P43	Berufsfachschule	52.51636	13.412584
01P44	Berufsfachschule	52.523022	13.412405
11E13	Wirtschafts- u. Verwaltungsschule	52.52513	13.465451
04E51	Sonstige Ergänzungsschule	52.509635	13.306078
04E52	Sonstige Ergänzungsschule	52.509635	13.306078
01A01	Schulpraktisches Seminar	52.54121	13.3583
02A08	Schulpraktisches Seminar	52.49445	13.43236
10P15	Berufsfachschule	52.54635	13.55993
10P15	Fachschule	52.54635	13.55993
01E31	Künstlerische Schule	52.50202	13.36934
11E14	Sonstige Ergänzungsschule	52.52331	13.48904
12E06	Sonstige Ergänzungsschule	52.580859	13.292191
05P20	Fachoberschule	52.519826	13.184948
06P21	Grundschule	52.43051	13.16298
09G03	Grundschule	52.46872	13.47837
07K13	Integrierte Sekundarschule	52.465657	13.379583
09S06	Förderschwerp."Lernen"	52.473436	13.48707
09S06	Grundschule	52.473436	13.48707
06G32	Grundschule	52.449314	13.34298
10A09	Schulpraktisches Seminar	52.543387	13.586321
11A08	Schulpraktisches Seminar	52.507519	13.525349
01K10	Integrierte Sekundarschule	52.535722	13.354875
03P33	Grundschule	52.638559	13.490436
07E26	Künstlerische Schule	52.466709	13.330695
03P34	Integrierte Sekundarschule	52.55343	13.40967
04P37	Berufsfachschule	52.509635	13.306078
01P46	Berufsfachschule	52.543856	13.390799
02P28	Berufsfachschule	52.515127	13.468685
02E39	Sonstige Ergänzungsschule	52.50552	13.39035
01E32	Sonstige Ergänzungsschule	52.53547	13.39431
05E05	Sonstige Ergänzungsschule	52.46689	13.16088
01P47	Grundschule	52.501393	13.356581
07A07	Schulpraktisches Seminar	52.398	13.40412
10P16	Berufsfachschule	52.528494	13.529211
02E40	Künstlerische Schule	52.494126	13.437779
02E41	Künstlerische Schule	52.488369	13.423109
12P15	Fachschule	52.56545	13.33124
01A06	Schulpraktisches Seminar	52.54121	13.3583
04A10	Schulpraktisches Seminar	52.51291	13.26918
06A10	Schulpraktisches Seminar	52.42476	13.34742
08A06	Schulpraktisches Seminar	52.42179	13.45659
11A09	Schulpraktisches Seminar	52.507519	13.525349
12A10	Schulpraktisches Seminar	52.57316	13.35461
01P49	Integrierte Sekundarschule	52.56599	13.3814
06G33	Grundschule	52.43254	13.30621
09G30	Grundschule	52.48626	13.45609
10G34	Grundschule	52.56973	13.56193
10G34	Förderschwerp."Lernen"	52.56973	13.56193
12P16	Integrierte Sekundarschule	52.616834	13.303382
02G36	Grundschule	52.51663	13.43215
02G36	Übrige Förderschwerpunkte	52.51663	13.43215
08P13	Berufsschule	52.4689	13.45388
11P17	Fachschule	52.52564	13.46883
01E34	Sonstige Ergänzungsschule	52.52706	13.39025
12K12	Integrierte Sekundarschule	52.60028	13.34229
01P50	Grundschule	52.54023	13.35905
03P36	Fachschule	52.543968	13.440499
07E27	Sonstige Ergänzungsschule	52.4686	13.32796
07E28	Sonstige Ergänzungsschule	52.465689	13.366708
02A10	Schulpraktisches Seminar	52.49445	13.43236
04A11	Schulpraktisches Seminar	52.51291	13.26918
08A07	Schulpraktisches Seminar	52.41932	13.50923
09A08	Schulpraktisches Seminar	52.44107	13.57814
10P17	Berufsfachschule	52.528494	13.529211
07E29	Sonstige Ergänzungsschule	52.465689	13.366708
11G31	Grundschule	52.49417	13.50546
04K09	Integrierte Sekundarschule	52.49276	13.30516
10K11	Integrierte Sekundarschule	52.56382	13.56592
11B04	Berufsfachschule	52.50301	13.47466
11B04	Berufsoberschule	52.50301	13.47466
11B04	Berufsschule	52.50301	13.47466
11B04	Fachoberschule	52.50301	13.47466
08K13	Integrierte Sekundarschule	52.427206	13.47409
11K12	Integrierte Sekundarschule	52.498846	13.519748
11K12	Förderschwerp."Geistige Entwicklung"	52.498846	13.519748
02A11	Schulpraktisches Seminar	52.49445	13.43236
11A10	Schulpraktisches Seminar	52.507519	13.525349
11A11	Schulpraktisches Seminar	52.507519	13.525349
11A12	Schulpraktisches Seminar	52.507519	13.525349
10P10	Integrierte Sekundarschule	52.529297	13.546992
01P25	Integrierte Sekundarschule	52.50202	13.36934
07P15	Fachschule	52.45779	13.39308
11P18	Berufsschule	52.520895	13.490912
11P18	Berufsfachschule	52.520895	13.490912
11P18	Fachschule	52.520895	13.490912
11P18	Fachoberschule	52.520895	13.490912
05P21	Berufsfachschule	52.4773	13.18287
04P38	Integrierte Sekundarschule	52.5163	13.3312
04P39	Grundschule	52.50843	13.23702
09P17	Fachschule	52.446248	13.625189
07P16	Berufsfachschule	52.45454	13.3953
11E05	Berufsfachschule	52.51171	13.48965
12P14	Integrierte Sekundarschule	52.611906	13.246361
03E21	Sonstige Ergänzungsschule	52.531345	13.425017
03Y17	Gymnasium	52.534329	13.447008
05G30	Grundschule	52.54863	13.19756